{"metadata":{"asset_id":"5f1bb631-0c2c-4ae2-b9ee-6baa76709525","asset_attributes":["data_asset"],"name":"Wallonia","asset_type":"data_asset","created_at":"2022-05-06T06:43:53Z","description":"","origin_country":"us","owner_id":"1000330999","project_id":"be0490ea-5b0f-4fcc-8519-b91e75da08ca","size":23426,"tags":[],"usage":{"last_update_time":1651820446496,"last_updated_at":"2022-05-06T07:00:46Z"}},"entity":{"data_asset":{"mime_type":"text/csv","dataset":true,"properties":[{"name":"encoding","value":"UTF-8"},{"name":"file_format","value":"csv"},{"name":"first_line_header","value":"true"}],"schema":{"etag":"W/\"5b82-li7+CRcTsaeCYjr7ratP9i5GE/0\"","fields":[{"name":"DATE","type":"date","format":"default"},{"name":"REGION","type":"string","format":"default"},{"name":"Total_cases","type":"year","format":"default"}]}}},"attachments":[{"id":"438259df-0407-4487-945d-3bcd0f1eeb7d","version":2,"asset_type":"data_asset","name":"Wallonia","mime":"text/csv","datasource_type":"81bafdbd-b7c6-45c5-a4fd-6ec135f66f4e","object_key":"data_asset/Wallonia_5i3c9oi068ntwz9vcj3ht9512","creator_id":"1000330999","create_time":1651819433132,"size":23426,"is_remote":false,"is_managed":false,"is_referenced":true,"is_object_key_read_only":false,"is_user_provided_path_key":true,"transfer_complete":true,"is_partitioned":false,"complete_time_ticks":1651819433132,"user_data":{},"test_doc":0,"handle":{"key":"data_asset/Wallonia_5i3c9oi068ntwz9vcj3ht9512","upload_id":"done","max_part_num":1},"usage":{"access_count":0,"last_accessor_id":"1000330999","last_access_time":1651819433132}}]}