{"metadata":{"asset_id":"3126627e-0087-4df0-b668-ee3de21075f9","asset_attributes":["data_asset"],"name":"Brussels","asset_type":"data_asset","created_at":"2022-05-06T06:47:56Z","description":"","origin_country":"us","owner_id":"1000330999","project_id":"be0490ea-5b0f-4fcc-8519-b91e75da08ca","size":23059,"tags":[],"usage":{"last_update_time":1651820653902,"last_updated_at":"2022-05-06T07:04:13Z"}},"entity":{"data_asset":{"mime_type":"text/csv","dataset":true,"properties":[{"name":"encoding","value":"UTF-8"},{"name":"file_format","value":"csv"},{"name":"first_line_header","value":"true"}],"schema":{"etag":"W/\"5a13-B/x6IJ+9zT7XYMwAP5j59vuVBoc\"","fields":[{"name":"DATE","type":"date","format":"default"},{"name":"REGION","type":"string","format":"default"},{"name":"Total_cases","type":"integer","format":"default"}]}}},"attachments":[{"id":"258249a7-776d-4350-8fd5-ce736029cebd","version":2,"asset_type":"data_asset","name":"Brussels","mime":"text/csv","datasource_type":"81bafdbd-b7c6-45c5-a4fd-6ec135f66f4e","object_key":"data_asset/Brussels_dcho1widjqk0n491km4073hl","creator_id":"1000330999","create_time":1651819676214,"size":23059,"is_remote":false,"is_managed":false,"is_referenced":true,"is_object_key_read_only":false,"is_user_provided_path_key":true,"transfer_complete":true,"is_partitioned":false,"complete_time_ticks":1651819676214,"user_data":{},"test_doc":0,"handle":{"key":"data_asset/Brussels_dcho1widjqk0n491km4073hl","upload_id":"done","max_part_num":1},"usage":{"access_count":0,"last_accessor_id":"1000330999","last_access_time":1651819676214}}]}