{"metadata":{"asset_id":"3329b9a7-ede2-4b83-8c6b-bbacdaf302a9","asset_attributes":["environment"],"name":"IBM-AWS Immersion day Lab 4 Runtime","asset_type":"environment","created_at":"2022-04-21T13:20:51Z","description":"","origin_country":"us","owner_id":"1000330999","project_id":"be0490ea-5b0f-4fcc-8519-b91e75da08ca","sandbox_id":"be0490ea-5b0f-4fcc-8519-b91e75da08ca","size":0,"tags":["dsx"],"usage":{"last_update_time":1650547251899,"last_updated_at":"2022-04-21T13:20:51Z"}},"entity":{"environment":{"sub_type":"notebook","display_name":"IBM-AWS Immersion day Lab 4 Runtime","hardware_specification":{"type":"referenced","guid":"b4af472e-6409-4f6a-90df-a664d6bddf37"},"software_specification":{"type":"referenced","guid":"12b83a17-24d8-5082-900f-0ab31fbfd3cb"},"tools_specification":{"supported_kernels":[{"name":"python3","language":"python","version":"3.9","display_name":"Python 3.9"}]},"runtime_definition":"jupyter-py39"}}}